book.delta.v1.0.2.10.1,book.delta.v1.0.2.10.5,book.delta.v1.0.2.2.1,book.delta.v2.0.2.10.5,book.imbalance.0.2.10.1,book.imbalance.0.2.5.1,trade.indicator.v1.0.2.5.1.power,trade.indicator.v1.0.2.5.1.sqrt,trade.indicator.v1.0.2.5.5.power,trade.indicator.v1.0.2.5.5.sqrt
0.00000195447717,0.00000801209810,0.00000409517861,0.00000951137243,0.00000001315015,0.00000000439277,0.00008704318819,0.00002362022706,0.00003142002176,0.00006002214327
